ID,device_name,security_label,label_condition,functionality,price,alternative,subject,item,age,gender,education,original_choice
9266,security camera,Has a security label,Graded_D,Functionality level of premium,191.99,graded,2516,3,26,female,"Post-graduate Degree (MA, MSc etc.)","('not willing to pay for the IoT device',)"
415,security camera,Has a security label,info_label_low,Functionality level of premium,175.99,binary,109,4,26,male,"Post-Secondary Education (College, A-Levels, NVQ3 or below, or similar)","('willing to pay for the IoT device',)"
4507,wearable,Does not have a security label,SbD,Functionality level of standard,175.99,graded,1242,2,22,male,"Post-graduate Degree (MA, MSc etc.)","('not willing to pay for the IoT device',)"
6084,Smart TV,Has a security label,Graded_G,Functionality level of premium,175.99,binary,1640,4,18,female,"Post-Secondary Education (College, A-Levels, NVQ3 or below, or similar)","('willing to pay for the IoT device',)"
5774,smart thermostat,Does not have a security label,Graded_D,Functionality level of premium,191.99,informational,1556,2,28,female,"Post-graduate Degree (MA, MSc etc.)","('willing to pay for the IoT device',)"
9883,security camera,Has a security label,Graded_G,Functionality level of premium,175.99,binary,2678,4,25,male,"Post-Secondary Education (College, A-Levels, NVQ3 or below, or similar)","('not willing to pay for the IoT device',)"
11040,wearable,Has a security label,info_label_low,Functionality level of standard,159.99,binary,2917,9,26,female,"Post-graduate Degree (MA, MSc etc.)","('willing to pay for the IoT device',)"
531,smart thermostat,Does not have a security label,SbD,Functionality level of premium,191.99,informational,134,2,27,female,"Undergraduate Degree (BA, BSc etc.)","('willing to pay for the IoT device',)"
7898,security camera,Does not have a security label,Graded_D,Functionality level of premium,191.99,informational,2178,2,19,male,"Post-Secondary Education (College, A-Levels, NVQ3 or below, or similar)","('not willing to pay for the IoT device',)"
4981,smart thermostat,Does not have a security label,Graded_G,Functionality level of premium,159.99,graded,1347,5,24,female,"Post-graduate Degree (MA, MSc etc.)","('not willing to pay for the IoT device',)"
7821,smart thermostat,Has a security label,info_label_high,Functionality level of premium,175.99,binary,2143,4,19,male,"Post-Secondary Education (College, A-Levels, NVQ3 or below, or similar)","('willing to pay for the IoT device',)"
6618,smart thermostat,Has a security label,SbD,Functionality level of standard,175.99,binary,1769,10,27,female,"Undergraduate Degree (BA, BSc etc.)","('not willing to pay for the IoT device',)"
5140,security camera,Has a security label,Graded_D,Functionality level of standard,207.99,binary,1384,5,23,female,"Undergraduate Degree (BA, BSc etc.)","('not willing to pay for the IoT device',)"
7560,smart thermostat,Does not have a security label,Graded_D,Functionality level of premium,191.99,graded,2070,6,28,male,"Vocational Qualification (Diploma, Certificate, BTEC, NVQ 4 and above, or similar)","('not willing to pay for the IoT device',)"
4780,Smart TV,Has a security label,SbD,Functionality level of standard,207.99,binary,1298,5,21,female,Secondary Education (GCSE/O-Levels),"('not willing to pay for the IoT device',)"
10667,Smart TV,Does not have a security label,info_label_high,Functionality level of premium,207.99,binary,2829,7,29,female,"Post-Secondary Education (College, A-Levels, NVQ3 or below, or similar)","('not willing to pay for the IoT device',)"
3928,smart thermostat,Has a security label,info_label_high_sec,Functionality level of standard,207.99,binary,1113,5,25,male,"Undergraduate Degree (BA, BSc etc.)","('not willing to pay for the IoT device',)"
410,security camera,Does not have a security label,info_label_high,Functionality level of standard,207.99,informational,108,1,22,male,"Undergraduate Degree (BA, BSc etc.)","('not willing to pay for the IoT device',)"
1272,smart thermostat,Does not have a security label,info_label_low,Functionality level of standard,159.99,informational,340,8,18,female,"Post-Secondary Education (College, A-Levels, NVQ3 or below, or similar)","('not willing to pay for the IoT device',)"
1531,smart thermostat,Does not have a security label,Graded_G,Functionality level of premium,223.99,graded,420,1,19,male,"Post-Secondary Education (College, A-Levels, NVQ3 or below, or similar)","('willing to pay for the IoT device',)"
7769,wearable,Does not have a security label,info_label_high_sec,Functionality level of premium,159.99,graded,2128,5,19,male,"Post-Secondary Education (College, A-Levels, NVQ3 or below, or similar)","('not willing to pay for the IoT device',)"
10611,smart thermostat,Does not have a security label,info_label_low,Functionality level of premium,175.99,informational,2818,5,29,female,Secondary Education (GCSE/O-Levels),"('not willing to pay for the IoT device',)"
10979,Smart TV,Has a security label,Graded_A,Functionality level of standard,159.99,binary,2903,1,18,female,"Post-Secondary Education (College, A-Levels, NVQ3 or below, or similar)","('willing to pay for the IoT device',)"
8988,security camera,Does not have a security label,info_label_high,Functionality level of standard,191.99,graded,2437,9,25,female,"Undergraduate Degree (BA, BSc etc.)","('not willing to pay for the IoT device',)"
2542,Smart TV,Has a security label,SbD,Functionality level of standard,191.99,graded,693,8,27,female,Secondary Education (GCSE/O-Levels),"('not willing to pay for the IoT device',)"
8459,smart thermostat,Does not have a security label,Graded_A,Functionality level of standard,207.99,informational,2317,3,21,female,"Post-Secondary Education (College, A-Levels, NVQ3 or below, or similar)","('not willing to pay for the IoT device',)"
6949,security camera,Does not have a security label,Graded_G,Functionality level of premium,191.99,graded,1868,6,25,male,"Undergraduate Degree (BA, BSc etc.)","('not willing to pay for the IoT device',)"
5231,wearable,Has a security label,info_label_low,Functionality level of premium,207.99,binary,1412,2,24,unknown,"Undergraduate Degree (BA, BSc etc.)","('not willing to pay for the IoT device',)"
4708,Smart TV,Does not have a security label,info_label_high_sec,Functionality level of premium,191.99,informational,1283,2,28,female,"Undergraduate Degree (BA, BSc etc.)","('willing to pay for the IoT device',)"
5509,Smart TV,Has a security label,Graded_G,Functionality level of premium,207.99,binary,1475,2,26,male,"Post-graduate Degree (MA, MSc etc.)","('not willing to pay for the IoT device',)"
1851,wearable,Has a security label,Graded_G,Functionality level of standard,207.99,binary,504,5,23,male,"Undergraduate Degree (BA, BSc etc.)","('willing to pay for the IoT device',)"
3097,wearable,Has a security label,info_label_high,Functionality level of premium,207.99,binary,845,2,29,female,"Undergraduate Degree (BA, BSc etc.)","('willing to pay for the IoT device',)"
9962,smart thermostat,Does not have a security label,Graded_D,Functionality level of premium,175.99,binary,2689,8,19,male,"Post-Secondary Education (College, A-Levels, NVQ3 or below, or similar)","('willing to pay for the IoT device',)"
6696,smart thermostat,Has a security label,Graded_A,Functionality level of standard,175.99,binary,1791,10,24,female,"Undergraduate Degree (BA, BSc etc.)","('not willing to pay for the IoT device',)"
6657,security camera,Does not have a security label,info_label_low,Functionality level of premium,191.99,graded,1778,6,21,female,"Post-Secondary Education (College, A-Levels, NVQ3 or below, or similar)","('not willing to pay for the IoT device',)"
5298,smart thermostat,Does not have a security label,Graded_G,Functionality level of standard,207.99,informational,1433,1,22,female,"Post-Secondary Education (College, A-Levels, NVQ3 or below, or similar)","('willing to pay for the IoT device',)"
8006,smart thermostat,Does not have a security label,info_label_high,Functionality level of premium,175.99,binary,2209,8,27,female,"Post-Secondary Education (College, A-Levels, NVQ3 or below, or similar)","('not willing to pay for the IoT device',)"
4742,smart thermostat,Does not have a security label,Graded_G,Functionality level of standard,223.99,binary,1288,6,20,female,Secondary Education (GCSE/O-Levels),"('willing to pay for the IoT device',)"
10347,smart thermostat,Has a security label,Graded_A,Functionality level of standard,191.99,graded,2769,8,27,male,No formal qualifications,"('not willing to pay for the IoT device',)"
82,wearable,Has a security label,Graded_G,Functionality level of premium,175.99,informational,14,6,24,male,"Undergraduate Degree (BA, BSc etc.)","('not willing to pay for the IoT device',)"
6958,smart thermostat,Does not have a security label,Graded_A,Functionality level of premium,223.99,graded,1873,1,26,male,"Post-Secondary Education (College, A-Levels, NVQ3 or below, or similar)","('not willing to pay for the IoT device',)"
1507,smart thermostat,Has a security label,Graded_G,Functionality level of standard,223.99,graded,413,7,29,male,"Undergraduate Degree (BA, BSc etc.)","('not willing to pay for the IoT device',)"
7898,security camera,Does not have a security label,Graded_D,Functionality level of standard,175.99,graded,2178,2,19,male,"Post-Secondary Education (College, A-Levels, NVQ3 or below, or similar)","('not willing to pay for the IoT device',)"
10200,wearable,Does not have a security label,SbD,Functionality level of premium,175.99,informational,2736,5,24,male,"Undergraduate Degree (BA, BSc etc.)","('not willing to pay for the IoT device',)"
4031,smart thermostat,Has a security label,info_label_high,Functionality level of standard,191.99,graded,1130,8,24,female,"Undergraduate Degree (BA, BSc etc.)","('not willing to pay for the IoT device',)"
9828,smart thermostat,Has a security label,Graded_A,Functionality level of premium,223.99,informational,2666,9,18,male,Secondary Education (GCSE/O-Levels),"('willing to pay for the IoT device',)"
5069,smart thermostat,Has a security label,Graded_G,Functionality level of premium,175.99,informational,1371,6,24,male,"Post-graduate Degree (MA, MSc etc.)","('not willing to pay for the IoT device',)"
5344,smart thermostat,Has a security label,Graded_G,Functionality level of standard,175.99,binary,1438,10,28,female,"Undergraduate Degree (BA, BSc etc.)","('willing to pay for the IoT device',)"
7856,smart thermostat,Has a security label,Graded_A,Functionality level of standard,159.99,binary,2159,1,27,male,"Vocational Qualification (Diploma, Certificate, BTEC, NVQ 4 and above, or similar)","('willing to pay for the IoT device',)"
10923,wearable,Does not have a security label,info_label_high_sec,Functionality level of premium,191.99,informational,2887,2,29,female,"Undergraduate Degree (BA, BSc etc.)","('not willing to pay for the IoT device',)"
4645,Smart TV,Does not have a security label,Graded_D,Functionality level of premium,175.99,binary,1267,8,23,male,"Undergraduate Degree (BA, BSc etc.)","('not willing to pay for the IoT device',)"
4115,smart thermostat,Does not have a security label,Graded_D,Functionality level of standard,223.99,graded,1157,4,19,male,"Undergraduate Degree (BA, BSc etc.)","('not willing to pay for the IoT device',)"
511,wearable,Does not have a security label,Graded_G,Functionality level of premium,159.99,informational,131,10,18,male,Secondary Education (GCSE/O-Levels),"('willing to pay for the IoT device',)"
10347,smart thermostat,Does not have a security label,Graded_A,Functionality level of premium,175.99,binary,2769,8,27,male,No formal qualifications,"('willing to pay for the IoT device',)"
7263,Smart TV,Has a security label,info_label_high_sec,Functionality level of premium,207.99,informational,1977,4,28,female,"Post-Secondary Education (College, A-Levels, NVQ3 or below, or similar)","('not willing to pay for the IoT device',)"
156,smart thermostat,Has a security label,SbD,Functionality level of premium,223.99,informational,37,9,23,female,"Undergraduate Degree (BA, BSc etc.)","('willing to pay for the IoT device',)"
5027,security camera,Has a security label,info_label_high_sec,Functionality level of premium,207.99,binary,1361,2,26,male,"Post-graduate Degree (MA, MSc etc.)","('willing to pay for the IoT device',)"
9274,Smart TV,Does not have a security label,Graded_A,Functionality level of premium,223.99,graded,2520,1,23,male,"Undergraduate Degree (BA, BSc etc.)","('not willing to pay for the IoT device',)"
8953,smart thermostat,Has a security label,Graded_D,Functionality level of premium,175.99,informational,2430,6,28,female,"Post-graduate Degree (MA, MSc etc.)","('willing to pay for the IoT device',)"
3567,smart thermostat,Does not have a security label,info_label_high_sec,Functionality level of premium,223.99,graded,990,1,23,male,Secondary Education (GCSE/O-Levels),"('not willing to pay for the IoT device',)"
4220,Smart TV,Has a security label,Graded_G,Functionality level of premium,191.99,graded,1187,3,19,male,"Post-Secondary Education (College, A-Levels, NVQ3 or below, or similar)","('not willing to pay for the IoT device',)"
9664,wearable,Does not have a security label,Graded_G,Functionality level of premium,207.99,binary,2625,7,25,male,Secondary Education (GCSE/O-Levels),"('willing to pay for the IoT device',)"
1387,smart thermostat,Does not have a security label,info_label_high,Functionality level of premium,191.99,graded,381,6,26,female,"Undergraduate Degree (BA, BSc etc.)","('not willing to pay for the IoT device',)"
1607,smart thermostat,Does not have a security label,Graded_D,Functionality level of premium,207.99,binary,438,7,18,male,"Post-Secondary Education (College, A-Levels, NVQ3 or below, or similar)","('willing to pay for the IoT device',)"
5248,smart thermostat,Has a security label,info_label_high,Functionality level of standard,159.99,binary,1416,9,26,female,"Undergraduate Degree (BA, BSc etc.)","('willing to pay for the IoT device',)"
2943,smart thermostat,Has a security label,info_label_high_sec,Functionality level of standard,207.99,binary,805,5,28,female,"Post-Secondary Education (College, A-Levels, NVQ3 or below, or similar)","('not willing to pay for the IoT device',)"
1264,Smart TV,Has a security label,SbD,Functionality level of standard,191.99,informational,339,7,20,female,"Vocational Qualification (Diploma, Certificate, BTEC, NVQ 4 and above, or similar)","('willing to pay for the IoT device',)"
8064,Smart TV,Has a security label,info_label_high,Functionality level of standard,191.99,informational,2227,7,26,male,"Post-Secondary Education (College, A-Levels, NVQ3 or below, or similar)","('not willing to pay for the IoT device',)"
5007,wearable,Does not have a security label,info_label_high,Functionality level of standard,223.99,binary,1356,6,25,female,Secondary Education (GCSE/O-Levels),"('not willing to pay for the IoT device',)"
8342,security camera,Does not have a security label,info_label_low,Functionality level of premium,159.99,informational,2290,10,22,male,"Post-Secondary Education (College, A-Levels, NVQ3 or below, or similar)","('not willing to pay for the IoT device',)"
1344,wearable,Does not have a security label,Graded_A,Functionality level of standard,159.99,informational,368,8,27,male,"Undergraduate Degree (BA, BSc etc.)","('not willing to pay for the IoT device',)"
460,wearable,Has a security label,Graded_D,Functionality level of standard,191.99,informational,120,7,23,female,"Undergraduate Degree (BA, BSc etc.)","('not willing to pay for the IoT device',)"
6290,Smart TV,Has a security label,info_label_high_sec,Functionality level of standard,223.99,graded,1681,7,28,female,"Post-graduate Degree (MA, MSc etc.)","('not willing to pay for the IoT device',)"
8812,security camera,Has a security label,info_label_low,Functionality level of standard,207.99,binary,2387,5,27,female,"Undergraduate Degree (BA, BSc etc.)","('not willing to pay for the IoT device',)"
7888,security camera,Has a security label,Graded_G,Functionality level of premium,191.99,graded,2172,3,27,female,"Undergraduate Degree (BA, BSc etc.)","('willing to pay for the IoT device',)"
5027,security camera,Does not have a security label,info_label_high_sec,Functionality level of standard,175.99,graded,1361,2,26,male,"Post-graduate Degree (MA, MSc etc.)","('not willing to pay for the IoT device',)"
7676,Smart TV,Has a security label,Graded_A,Functionality level of premium,159.99,binary,2102,3,23,female,Secondary Education (GCSE/O-Levels),"('willing to pay for the IoT device',)"
9671,Smart TV,Has a security label,info_label_high_sec,Functionality level of premium,207.99,informational,2626,4,24,male,"Undergraduate Degree (BA, BSc etc.)","('not willing to pay for the IoT device',)"
10752,smart thermostat,Has a security label,SbD,Functionality level of premium,175.99,binary,2846,4,21,female,"Undergraduate Degree (BA, BSc etc.)","('willing to pay for the IoT device',)"
4117,smart thermostat,Has a security label,Graded_D,Functionality level of premium,175.99,informational,1157,6,19,male,"Undergraduate Degree (BA, BSc etc.)","('not willing to pay for the IoT device',)"
1052,wearable,Has a security label,info_label_high,Functionality level of premium,207.99,binary,294,2,21,male,"Undergraduate Degree (BA, BSc etc.)","('not willing to pay for the IoT device',)"
4114,smart thermostat,Has a security label,Graded_D,Functionality level of premium,159.99,binary,1157,3,19,male,"Undergraduate Degree (BA, BSc etc.)","('willing to pay for the IoT device',)"
8395,wearable,Does not have a security label,Graded_G,Functionality level of standard,207.99,informational,2301,3,20,male,"Undergraduate Degree (BA, BSc etc.)","('not willing to pay for the IoT device',)"
4349,security camera,Has a security label,info_label_high_sec,Functionality level of standard,191.99,informational,1212,7,28,female,"Post-graduate Degree (MA, MSc etc.)","('willing to pay for the IoT device',)"
962,smart thermostat,Has a security label,info_label_high_sec,Functionality level of premium,207.99,binary,272,2,27,female,"Post-Secondary Education (College, A-Levels, NVQ3 or below, or similar)","('not willing to pay for the IoT device',)"
3430,smart thermostat,Does not have a security label,info_label_high_sec,Functionality level of standard,191.99,graded,942,9,21,male,"Undergraduate Degree (BA, BSc etc.)","('not willing to pay for the IoT device',)"
449,Smart TV,Does not have a security label,SbD,Functionality level of premium,191.99,graded,119,6,27,female,"Undergraduate Degree (BA, BSc etc.)","('not willing to pay for the IoT device',)"
3372,Smart TV,Does not have a security label,info_label_high_sec,Functionality level of premium,191.99,graded,932,6,26,female,"Undergraduate Degree (BA, BSc etc.)","('willing to pay for the IoT device',)"
446,Smart TV,Has a security label,SbD,Functionality level of premium,191.99,graded,119,3,27,female,"Undergraduate Degree (BA, BSc etc.)","('not willing to pay for the IoT device',)"
1706,smart thermostat,Does not have a security label,info_label_high,Functionality level of premium,159.99,graded,462,5,21,female,"Undergraduate Degree (BA, BSc etc.)","('willing to pay for the IoT device',)"
10228,security camera,Has a security label,Graded_G,Functionality level of premium,159.99,binary,2743,3,28,male,"Undergraduate Degree (BA, BSc etc.)","('willing to pay for the IoT device',)"
10087,Smart TV,Has a security label,Graded_A,Functionality level of standard,207.99,binary,2713,5,25,male,"Undergraduate Degree (BA, BSc etc.)","('not willing to pay for the IoT device',)"
10743,smart thermostat,Does not have a security label,Graded_A,Functionality level of standard,207.99,informational,2845,3,19,male,Secondary Education (GCSE/O-Levels),"('not willing to pay for the IoT device',)"
654,smart thermostat,Does not have a security label,SbD,Functionality level of premium,175.99,informational,178,5,21,female,"Post-Secondary Education (College, A-Levels, NVQ3 or below, or similar)","('not willing to pay for the IoT device',)"
8080,Smart TV,Has a security label,Graded_A,Functionality level of premium,159.99,binary,2232,3,18,male,"Post-Secondary Education (College, A-Levels, NVQ3 or below, or similar)","('willing to pay for the IoT device',)"
9476,wearable,Has a security label,info_label_high_sec,Functionality level of standard,191.99,informational,2579,7,19,female,"Post-Secondary Education (College, A-Levels, NVQ3 or below, or similar)","('willing to pay for the IoT device',)"
3570,smart thermostat,Has a security label,info_label_high_sec,Functionality level of premium,175.99,binary,990,4,23,male,Secondary Education (GCSE/O-Levels),"('willing to pay for the IoT device',)"
6336,smart thermostat,Has a security label,SbD,Functionality level of premium,207.99,informational,1692,4,20,female,"Undergraduate Degree (BA, BSc etc.)","('not willing to pay for the IoT device',)"
10199,wearable,Has a security label,SbD,Functionality level of premium,175.99,binary,2736,4,24,male,"Undergraduate Degree (BA, BSc etc.)","('willing to pay for the IoT device',)"
5309,smart thermostat,Has a security label,info_label_high,Functionality level of premium,207.99,binary,1435,2,25,female,"Undergraduate Degree (BA, BSc etc.)","('willing to pay for the IoT device',)"
5542,smart thermostat,Has a security label,SbD,Functionality level of standard,207.99,binary,1488,5,28,male,Secondary Education (GCSE/O-Levels),"('not willing to pay for the IoT device',)"
1722,Smart TV,Has a security label,Graded_A,Functionality level of standard,223.99,graded,471,7,19,female,"Post-Secondary Education (College, A-Levels, NVQ3 or below, or similar)","('not willing to pay for the IoT device',)"
5821,smart thermostat,Does not have a security label,Graded_D,Functionality level of premium,191.99,graded,1564,6,27,female,"Undergraduate Degree (BA, BSc etc.)","('not willing to pay for the IoT device',)"
5603,smart thermostat,Does not have a security label,SbD,Functionality level of standard,175.99,graded,1510,2,27,female,"Post-Secondary Education (College, A-Levels, NVQ3 or below, or similar)","('not willing to pay for the IoT device',)"
7607,smart thermostat,Does not have a security label,info_label_low,Functionality level of premium,175.99,informational,2082,5,27,female,"Undergraduate Degree (BA, BSc etc.)","('not willing to pay for the IoT device',)"
7544,smart thermostat,Does not have a security label,info_label_high_sec,Functionality level of premium,159.99,informational,2067,10,24,female,"Undergraduate Degree (BA, BSc etc.)","('not willing to pay for the IoT device',)"
2694,smart thermostat,Does not have a security label,info_label_high,Functionality level of standard,159.99,informational,738,8,21,male,"Post-Secondary Education (College, A-Levels, NVQ3 or below, or similar)","('not willing to pay for the IoT device',)"
2659,smart thermostat,Has a security label,Graded_D,Functionality level of standard,191.99,graded,733,8,18,female,Secondary Education (GCSE/O-Levels),"('not willing to pay for the IoT device',)"
10252,smart thermostat,Does not have a security label,Graded_G,Functionality level of standard,159.99,informational,2749,8,28,female,"Undergraduate Degree (BA, BSc etc.)","('willing to pay for the IoT device',)"
8204,smart thermostat,Has a security label,info_label_low,Functionality level of standard,175.99,binary,2262,10,20,male,"Vocational Qualification (Diploma, Certificate, BTEC, NVQ 4 and above, or similar)","('not willing to pay for the IoT device',)"
7095,Smart TV,Has a security label,Graded_D,Functionality level of standard,159.99,binary,1924,1,22,male,"Undergraduate Degree (BA, BSc etc.)","('willing to pay for the IoT device',)"
1414,smart thermostat,Does not have a security label,Graded_A,Functionality level of premium,159.99,graded,385,5,29,female,Secondary Education (GCSE/O-Levels),"('willing to pay for the IoT device',)"
519,Smart TV,Does not have a security label,Graded_D,Functionality level of premium,175.99,binary,132,8,29,female,"Post-Secondary Education (College, A-Levels, NVQ3 or below, or similar)","('willing to pay for the IoT device',)"
3771,smart thermostat,Does not have a security label,info_label_high_sec,Functionality level of premium,175.99,binary,1046,8,22,female,Secondary Education (GCSE/O-Levels),"('not willing to pay for the IoT device',)"
10922,wearable,Does not have a security label,info_label_high_sec,Functionality level of premium,223.99,graded,2887,1,29,female,"Undergraduate Degree (BA, BSc etc.)","('not willing to pay for the IoT device',)"
419,security camera,Does not have a security label,info_label_low,Functionality level of premium,175.99,binary,109,8,26,male,"Post-Secondary Education (College, A-Levels, NVQ3 or below, or similar)","('willing to pay for the IoT device',)"
2655,smart thermostat,Does not have a security label,Graded_D,Functionality level of standard,223.99,graded,733,4,18,female,Secondary Education (GCSE/O-Levels),"('willing to pay for the IoT device',)"
10206,Smart TV,Does not have a security label,Graded_G,Functionality level of standard,207.99,informational,2737,1,23,female,"Post-graduate Degree (MA, MSc etc.)","('not willing to pay for the IoT device',)"
10270,security camera,Does not have a security label,Graded_G,Functionality level of standard,223.99,graded,2753,4,28,female,"Undergraduate Degree (BA, BSc etc.)","('not willing to pay for the IoT device',)"
3835,wearable,Does not have a security label,Graded_A,Functionality level of standard,191.99,graded,1071,9,29,female,"Undergraduate Degree (BA, BSc etc.)","('not willing to pay for the IoT device',)"
2152,security camera,Has a security label,Graded_G,Functionality level of premium,191.99,graded,588,3,24,female,"Post-graduate Degree (MA, MSc etc.)","('not willing to pay for the IoT device',)"
9627,wearable,Does not have a security label,info_label_high_sec,Functionality level of standard,223.99,graded,2613,4,26,male,"Undergraduate Degree (BA, BSc etc.)","('not willing to pay for the IoT device',)"
9577,smart thermostat,Has a security label,Graded_D,Functionality level of standard,191.99,informational,2600,7,25,female,Secondary Education (GCSE/O-Levels),"('not willing to pay for the IoT device',)"
7524,security camera,Has a security label,Graded_A,Functionality level of standard,175.99,binary,2065,10,25,female,"Undergraduate Degree (BA, BSc etc.)","('not willing to pay for the IoT device',)"
2370,smart thermostat,Does not have a security label,info_label_high,Functionality level of standard,159.99,informational,655,8,25,female,"Undergraduate Degree (BA, BSc etc.)","('not willing to pay for the IoT device',)"
8331,smart thermostat,Does not have a security label,info_label_high_sec,Functionality level of standard,191.99,graded,2289,9,28,male,"Vocational Qualification (Diploma, Certificate, BTEC, NVQ 4 and above, or similar)","('not willing to pay for the IoT device',)"
6563,Smart TV,Does not have a security label,Graded_D,Functionality level of premium,175.99,binary,1755,8,25,female,"Post-Secondary Education (College, A-Levels, NVQ3 or below, or similar)","('willing to pay for the IoT device',)"
2747,smart thermostat,Does not have a security label,SbD,Functionality level of standard,207.99,informational,756,1,19,female,"Post-Secondary Education (College, A-Levels, NVQ3 or below, or similar)","('not willing to pay for the IoT device',)"
5137,security camera,Has a security label,Graded_D,Functionality level of premium,207.99,binary,1384,2,23,female,"Undergraduate Degree (BA, BSc etc.)","('willing to pay for the IoT device',)"
7646,smart thermostat,Does not have a security label,Graded_D,Functionality level of premium,207.99,binary,2091,7,29,female,"Post-Secondary Education (College, A-Levels, NVQ3 or below, or similar)","('willing to pay for the IoT device',)"
9849,smart thermostat,Does not have a security label,Graded_D,Functionality level of premium,159.99,informational,2670,10,27,male,"Undergraduate Degree (BA, BSc etc.)","('not willing to pay for the IoT device',)"
3640,smart thermostat,Has a security label,Graded_D,Functionality level of premium,223.99,informational,1004,9,21,female,"Undergraduate Degree (BA, BSc etc.)","('willing to pay for the IoT device',)"
9527,security camera,Has a security label,Graded_A,Functionality level of standard,175.99,binary,2588,10,19,male,"Post-Secondary Education (College, A-Levels, NVQ3 or below, or similar)","('not willing to pay for the IoT device',)"
4695,smart thermostat,Has a security label,Graded_A,Functionality level of premium,191.99,graded,1279,3,20,female,"Post-Secondary Education (College, A-Levels, NVQ3 or below, or similar)","('not willing to pay for the IoT device',)"
9266,security camera,Does not have a security label,Graded_D,Functionality level of standard,207.99,informational,2516,3,26,female,"Post-graduate Degree (MA, MSc etc.)","('not willing to pay for the IoT device',)"
4598,smart thermostat,Does not have a security label,info_label_high_sec,Functionality level of standard,207.99,informational,1259,1,26,female,Secondary Education (GCSE/O-Levels),"('not willing to pay for the IoT device',)"
5024,smart thermostat,Has a security label,info_label_low,Functionality level of standard,191.99,graded,1360,8,24,male,"Undergraduate Degree (BA, BSc etc.)","('not willing to pay for the IoT device',)"
8938,smart thermostat,Has a security label,SbD,Functionality level of standard,191.99,informational,2423,7,23,female,Secondary Education (GCSE/O-Levels),"('willing to pay for the IoT device',)"
9757,smart thermostat,Does not have a security label,info_label_low,Functionality level of standard,207.99,informational,2651,3,26,female,"Post-graduate Degree (MA, MSc etc.)","('not willing to pay for the IoT device',)"
6844,smart thermostat,Has a security label,info_label_high_sec,Functionality level of premium,223.99,informational,1833,9,25,female,"Post-graduate Degree (MA, MSc etc.)","('not willing to pay for the IoT device',)"
506,wearable,Has a security label,Graded_G,Functionality level of standard,207.99,binary,131,5,18,male,Secondary Education (GCSE/O-Levels),"('not willing to pay for the IoT device',)"
10396,wearable,Has a security label,SbD,Functionality level of standard,223.99,graded,2780,7,22,female,"Post-graduate Degree (MA, MSc etc.)","('not willing to pay for the IoT device',)"
6860,security camera,Has a security label,info_label_high,Functionality level of premium,175.99,informational,1839,6,23,male,"Undergraduate Degree (BA, BSc etc.)","('willing to pay for the IoT device',)"
6224,smart thermostat,Has a security label,info_label_high,Functionality level of premium,223.99,informational,1670,9,27,male,"Post-graduate Degree (MA, MSc etc.)","('willing to pay for the IoT device',)"
10044,wearable,Does not have a security label,info_label_low,Functionality level of premium,207.99,binary,2703,7,24,male,"Vocational Qualification (Diploma, Certificate, BTEC, NVQ 4 and above, or similar)","('not willing to pay for the IoT device',)"
2760,wearable,Has a security label,SbD,Functionality level of premium,175.99,binary,758,4,26,male,"Undergraduate Degree (BA, BSc etc.)","('willing to pay for the IoT device',)"
9819,smart thermostat,Does not have a security label,info_label_high_sec,Functionality level of premium,159.99,informational,2664,10,21,female,"Post-graduate Degree (MA, MSc etc.)","('willing to pay for the IoT device',)"
7274,security camera,Has a security label,info_label_high_sec,Functionality level of premium,175.99,informational,1980,6,23,female,"Post-Secondary Education (College, A-Levels, NVQ3 or below, or similar)","('willing to pay for the IoT device',)"
8025,smart thermostat,Does not have a security label,Graded_G,Functionality level of premium,175.99,informational,2218,5,26,female,"Vocational Qualification (Diploma, Certificate, BTEC, NVQ 4 and above, or similar)","('not willing to pay for the IoT device',)"
8659,security camera,Has a security label,SbD,Functionality level of premium,175.99,informational,2354,6,22,female,"Undergraduate Degree (BA, BSc etc.)","('willing to pay for the IoT device',)"
1017,smart thermostat,Has a security label,info_label_high_sec,Functionality level of premium,175.99,binary,285,4,26,female,"Undergraduate Degree (BA, BSc etc.)","('not willing to pay for the IoT device',)"
1851,wearable,Does not have a security label,Graded_G,Functionality level of premium,175.99,informational,504,5,23,male,"Undergraduate Degree (BA, BSc etc.)","('not willing to pay for the IoT device',)"
1064,Smart TV,Has a security label,SbD,Functionality level of premium,207.99,informational,296,4,24,female,"Vocational Qualification (Diploma, Certificate, BTEC, NVQ 4 and above, or similar)","('not willing to pay for the IoT device',)"
9670,Smart TV,Does not have a security label,info_label_high_sec,Functionality level of standard,207.99,informational,2626,3,24,male,"Undergraduate Degree (BA, BSc etc.)","('not willing to pay for the IoT device',)"
10866,smart thermostat,Has a security label,info_label_high_sec,Functionality level of standard,223.99,graded,2874,7,24,male,"Post-Secondary Education (College, A-Levels, NVQ3 or below, or similar)","('not willing to pay for the IoT device',)"
7103,Smart TV,Does not have a security label,Graded_D,Functionality level of standard,191.99,graded,1924,9,22,male,"Undergraduate Degree (BA, BSc etc.)","('not willing to pay for the IoT device',)"
3543,smart thermostat,Does not have a security label,Graded_D,Functionality level of premium,159.99,graded,983,5,24,male,"Post-graduate Degree (MA, MSc etc.)","('willing to pay for the IoT device',)"
5403,wearable,Has a security label,Graded_A,Functionality level of standard,159.99,binary,1452,1,25,female,"Undergraduate Degree (BA, BSc etc.)","('not willing to pay for the IoT device',)"
7272,security camera,Has a security label,info_label_high_sec,Functionality level of premium,175.99,binary,1980,4,23,female,"Post-Secondary Education (College, A-Levels, NVQ3 or below, or similar)","('willing to pay for the IoT device',)"
3503,smart thermostat,Has a security label,info_label_high,Functionality level of standard,191.99,graded,964,8,20,female,"Post-Secondary Education (College, A-Levels, NVQ3 or below, or similar)","('willing to pay for the IoT device',)"
10120,smart thermostat,Has a security label,Graded_G,Functionality level of premium,223.99,graded,2717,10,28,female,"Undergraduate Degree (BA, BSc etc.)","('not willing to pay for the IoT device',)"
4729,smart thermostat,Has a security label,Graded_G,Functionality level of standard,223.99,graded,1286,7,29,female,"Post-graduate Degree (MA, MSc etc.)","('not willing to pay for the IoT device',)"
7496,smart thermostat,Does not have a security label,info_label_high_sec,Functionality level of standard,159.99,informational,2055,8,20,male,"Post-Secondary Education (College, A-Levels, NVQ3 or below, or similar)","('not willing to pay for the IoT device',)"
880,wearable,Has a security label,info_label_high,Functionality level of standard,159.99,binary,248,1,19,female,"Undergraduate Degree (BA, BSc etc.)","('willing to pay for the IoT device',)"
5244,smart thermostat,Does not have a security label,info_label_high,Functionality level of premium,159.99,graded,1416,5,26,female,"Undergraduate Degree (BA, BSc etc.)","('not willing to pay for the IoT device',)"
5951,wearable,Has a security label,info_label_high_sec,Functionality level of premium,159.99,binary,1611,3,21,female,"Undergraduate Degree (BA, BSc etc.)","('willing to pay for the IoT device',)"
3932,smart thermostat,Has a security label,info_label_high_sec,Functionality level of standard,159.99,binary,1113,9,25,male,"Undergraduate Degree (BA, BSc etc.)","('willing to pay for the IoT device',)"
7022,smart thermostat,Does not have a security label,Graded_G,Functionality level of premium,223.99,graded,1887,1,21,male,"Undergraduate Degree (BA, BSc etc.)","('not willing to pay for the IoT device',)"
4413,smart thermostat,Has a security label,SbD,Functionality level of premium,223.99,graded,1222,10,26,male,"Undergraduate Degree (BA, BSc etc.)","('not willing to pay for the IoT device',)"
7932,smart thermostat,Has a security label,Graded_G,Functionality level of standard,207.99,binary,2184,5,27,female,"Undergraduate Degree (BA, BSc etc.)","('not willing to pay for the IoT device',)"
7895,security camera,Does not have a security label,info_label_high,Functionality level of standard,223.99,graded,2173,4,23,female,"Post-Secondary Education (College, A-Levels, NVQ3 or below, or similar)","('not willing to pay for the IoT device',)"
4274,smart thermostat,Has a security label,SbD,Functionality level of standard,191.99,graded,1203,8,25,female,"Undergraduate Degree (BA, BSc etc.)","('not willing to pay for the IoT device',)"
8583,smart thermostat,Does not have a security label,Graded_G,Functionality level of premium,207.99,binary,2337,7,23,female,"Undergraduate Degree (BA, BSc etc.)","('willing to pay for the IoT device',)"
767,Smart TV,Has a security label,Graded_D,Functionality level of premium,175.99,binary,210,4,22,female,"Post-Secondary Education (College, A-Levels, NVQ3 or below, or similar)","('not willing to pay for the IoT device',)"
5880,wearable,Has a security label,SbD,Functionality level of premium,175.99,informational,1579,6,25,female,"Undergraduate Degree (BA, BSc etc.)","('willing to pay for the IoT device',)"
6750,smart thermostat,Has a security label,Graded_A,Functionality level of premium,223.99,graded,1801,10,29,female,"Undergraduate Degree (BA, BSc etc.)","('not willing to pay for the IoT device',)"
4577,smart thermostat,Does not have a security label,Graded_A,Functionality level of standard,175.99,graded,1253,2,25,male,"Undergraduate Degree (BA, BSc etc.)","('not willing to pay for the IoT device',)"
9949,smart thermostat,Has a security label,info_label_high_sec,Functionality level of standard,207.99,binary,2687,5,26,female,"Post-Secondary Education (College, A-Levels, NVQ3 or below, or similar)","('willing to pay for the IoT device',)"
4013,security camera,Does not have a security label,info_label_low,Functionality level of premium,175.99,informational,1128,5,21,male,"Undergraduate Degree (BA, BSc etc.)","('not willing to pay for the IoT device',)"
9279,Smart TV,Does not have a security label,Graded_A,Functionality level of premium,191.99,graded,2520,6,23,male,"Undergraduate Degree (BA, BSc etc.)","('not willing to pay for the IoT device',)"
10234,security camera,Does not have a security label,Graded_G,Functionality level of standard,191.99,graded,2743,9,28,male,"Undergraduate Degree (BA, BSc etc.)","('not willing to pay for the IoT device',)"
5461,Smart TV,Does not have a security label,Graded_D,Functionality level of standard,223.99,binary,1464,6,25,male,"Post-Secondary Education (College, A-Levels, NVQ3 or below, or similar)","('not willing to pay for the IoT device',)"
5407,wearable,Has a security label,Graded_A,Functionality level of standard,207.99,binary,1452,5,25,female,"Undergraduate Degree (BA, BSc etc.)","('not willing to pay for the IoT device',)"
10474,wearable,Does not have a security label,Graded_A,Functionality level of premium,159.99,graded,2792,5,18,male,"Post-Secondary Education (College, A-Levels, NVQ3 or below, or similar)","('willing to pay for the IoT device',)"
9672,Smart TV,Does not have a security label,info_label_high_sec,Functionality level of premium,159.99,graded,2626,5,24,male,"Undergraduate Degree (BA, BSc etc.)","('not willing to pay for the IoT device',)"
5747,wearable,Does not have a security label,Graded_G,Functionality level of standard,175.99,graded,1548,2,21,unknown,"Post-Secondary Education (College, A-Levels, NVQ3 or below, or similar)","('willing to pay for the IoT device',)"
1955,smart thermostat,Has a security label,Graded_D,Functionality level of standard,207.99,binary,538,5,23,male,"Vocational Qualification (Diploma, Certificate, BTEC, NVQ 4 and above, or similar)","('willing to pay for the IoT device',)"
3895,smart thermostat,Does not have a security label,info_label_high_sec,Functionality level of premium,191.99,informational,1108,2,25,female,"Undergraduate Degree (BA, BSc etc.)","('not willing to pay for the IoT device',)"
7223,security camera,Has a security label,info_label_high,Functionality level of premium,191.99,graded,1965,3,24,male,"Post-Secondary Education (College, A-Levels, NVQ3 or below, or similar)","('not willing to pay for the IoT device',)"
9963,smart thermostat,Does not have a security label,Graded_D,Functionality level of standard,191.99,graded,2689,9,19,male,"Post-Secondary Education (College, A-Levels, NVQ3 or below, or similar)","('not willing to pay for the IoT device',)"
462,wearable,Does not have a security label,Graded_D,Functionality level of standard,191.99,graded,120,9,23,female,"Undergraduate Degree (BA, BSc etc.)","('not willing to pay for the IoT device',)"
4017,security camera,Does not have a security label,info_label_low,Functionality level of standard,191.99,graded,1128,9,21,male,"Undergraduate Degree (BA, BSc etc.)","('not willing to pay for the IoT device',)"
3821,smart thermostat,Does not have a security label,Graded_G,Functionality level of premium,159.99,graded,1069,5,29,male,"Undergraduate Degree (BA, BSc etc.)","('willing to pay for the IoT device',)"
7101,Smart TV,Has a security label,Graded_D,Functionality level of standard,223.99,graded,1924,7,22,male,"Undergraduate Degree (BA, BSc etc.)","('not willing to pay for the IoT device',)"
2871,smart thermostat,Has a security label,info_label_high_sec,Functionality level of standard,191.99,graded,785,8,20,male,"Undergraduate Degree (BA, BSc etc.)","('not willing to pay for the IoT device',)"
9828,smart thermostat,Has a security label,Graded_A,Functionality level of standard,159.99,binary,2666,9,18,male,Secondary Education (GCSE/O-Levels),"('not willing to pay for the IoT device',)"
8683,smart thermostat,Does not have a security label,info_label_high,Functionality level of standard,207.99,informational,2364,1,22,female,"Post-Secondary Education (College, A-Levels, NVQ3 or below, or similar)","('not willing to pay for the IoT device',)"
10342,smart thermostat,Does not have a security label,Graded_A,Functionality level of standard,207.99,informational,2769,3,27,male,No formal qualifications,"('not willing to pay for the IoT device',)"
9946,smart thermostat,Has a security label,info_label_high_sec,Functionality level of premium,207.99,binary,2687,2,26,female,"Post-Secondary Education (College, A-Levels, NVQ3 or below, or similar)","('willing to pay for the IoT device',)"
3057,smart thermostat,Does not have a security label,Graded_A,Functionality level of premium,207.99,binary,834,7,27,female,"Vocational Qualification (Diploma, Certificate, BTEC, NVQ 4 and above, or similar)","('willing to pay for the IoT device',)"
